index,parent,next,tail,count,status,track_id,source_type,dft.defect_id,dft.event_root_index,dft.from_channel,dft.channel_defect_id,dft.related_defect_id,dft.img_id,dft.img_tag,dft.peak_adc,dft.peak_packet_id,dft.peak_row,dft.peak_col,dft.x_encoder,dft.w_encoder,dft.radius,dft.theta,dft.x_cor,dft.y_cor,dft.x,dft.y,dft.snr,dft.defect_area,dft.defect_size,dft.dsize,dft.rppm,dft.nppm,dft.um_size,dft.x_size,dft.y_size,dft.ee,dft.haze_avg,dft.defect_tag,dft.cluster_number,dft.cluster_area,dft.cluster_length,dft.confidence,dft.midlevel_bin_number,dft.rough_bin_number,dft.fine_bin_number,dft.acc_flag,dft.cosmic_ray_flag,dft.saturated_flag,dft.max_xt_fit,dft.xenc_outer,dft.xenc_inner,dft.wenc_left,dft.wenc_right
0,-1,-1,1,1,0,26,-1,1,0,1,-1,-1,1,1792,4055,3788,2694,1398,36155,6825,122995.796875,-0.1635846644639969,121353.78125,-20030.611328125,-20030.62109375,-121353.78125,252.82965087890625,1790.3935546875,4055.0,42.31304168701172,4055.0,0.0,0.0,34.123046875,52.46875,0.06821230798959732,75,0,-1,0.0,0.0,0.0,-1,231,-1,0,0,0,0,36129,36190,6820,6829
1,-1,-1,2,1,0,26,-1,2,1,1,-1,-1,2,0,2773,3910,2275,1382,37302,250173,122078.203125,-5.9962592124938965,117087.4453125,34548.78125,34548.78515625,-117087.4453125,234.27426147460938,46244.99609375,2773.0,215.04649353027344,2773.0,0.0,0.0,163.1171875,283.5078125,0.07788451015949249,58,0,-1,0.0,0.0,0.0,-1,231,-1,0,0,0,0,37014,37350,250169,250200
2,-1,-1,3,1,0,26,-1,3,2,1,-1,-1,3,0,4065,3910,2534,1275,37209,250360,122152.296875,-6.000741004943848,117312.265625,34044.32421875,34044.328125,-117312.265625,341.0573425292969,45192.91796875,4065.0,212.5862579345703,4065.0,0.0,0.0,159.4765625,283.3828125,0.06861338764429092,59,0,-1,0.0,0.0,0.0,-1,231,-1,0,0,0,0,37188,37525,250334,250364
3,-1,-1,4,1,0,26,-1,4,3,1,-1,-1,4,0,4036,3910,1297,1283,37212,249470,122149.8984375,-5.979409217834473,116557.1171875,36538.15234375,36538.15234375,-116557.1171875,341.7140197753906,1857.46044921875,4036.0,43.0982666015625,4036.0,0.0,0.0,36.2265625,51.2734375,0.11966851353645325,59,0,-1,0.0,0.0,0.0,-1,231,-1,0,0,0,0,37160,37218,249466,249474
4,-1,-1,5,1,0,26,-1,5,4,1,-1,-1,5,0,4051,3910,2079,910,36888,250033,122409.3984375,-5.992903232574463,117288.1796875,35036.328125,35036.328125,-117288.1875,343.1885681152344,46145.3359375,4051.0,214.8146514892578,4051.0,0.0,0.0,163.61328125,282.0390625,0.11670399457216263,58,0,-1,0.0,0.0,0.0,-1,231,-1,0,0,0,0,36836,37170,250006,250037
5,-1,-1,6,1,0,26,-1,6,6,1,-1,-1,6,0,2781,3910,1091,1070,37025,249323,122299.796875,-5.97588586807251,116570.53125,36993.94140625,36993.94140625,-116570.53125,235.57981872558594,1866.976806640625,2781.0,43.208526611328125,2781.0,0.0,0.0,36.37890625,51.3203125,0.06700922548770905,59,0,-1,0.0,0.0,0.0,-1,231,-1,0,0,0,0,36990,37048,249319,249327
6,-1,-1,7,1,0,26,-1,7,7,1,-1,-1,7,0,4071,3910,1852,660,36669,249869,122584.3984375,-5.9889726638793945,117317.0390625,35547.80859375,35547.8125,-117317.0390625,344.9485778808594,46245.6953125,4071.0,215.04812622070313,4071.0,0.0,0.0,164.37890625,281.3359375,0.08069255948066711,58,0,-1,0.0,0.0,0.0,-1,231,-1,0,0,0,0,36657,36990,249843,249874
7,-1,-1,8,1,0,26,-1,8,9,1,-1,-1,8,0,4069,3910,1594,811,36800,249684,122479.5,-5.984538555145264,117058.0078125,36036.7890625,36036.79296875,-117058.0078125,340.8748474121094,47487.203125,4069.0,217.91558837890625,4069.0,0.0,0.0,168.2265625,282.28125,0.10851607471704483,59,0,-1,0.0,0.0,0.0,-1,231,-1,0,0,0,0,36475,36808,249679,249711
8,-1,-1,9,1,0,26,-1,9,11,1,-1,-1,9,0,4065,3910,1400,267,36323,249544,122861.1015625,-5.981183052062988,117300.7578125,36542.87890625,36542.87890625,-117300.7578125,340.53973388671875,46845.15625,4065.0,216.4374237060547,4065.0,0.0,0.0,166.421875,281.484375,0.06865336745977402,59,0,-1,0.0,0.0,0.0,-1,231,-1,0,0,0,0,36290,36623,249517,249548
9,-1,-1,10,1,0,26,-1,10,13,1,-1,-1,10,1792,2765,3910,1195,77,36157,249396,122994.1015625,-5.977635383605957,117297.21875,36998.80078125,36998.796875,-117297.2109375,229.78273010253906,47847.91015625,2765.0,218.7416534423828,2765.0,0.0,0.0,169.87109375,281.671875,0.05907709524035454,61,0,-1,0.0,0.0,0.0,-1,231,-1,0,0,0,0,36122,36454,249369,249401
10,-1,-1,11,1,0,27,-1,11,16,1,-1,-1,11,1792,4021,3918,2583,1414,37408,4293,121993.3984375,-0.1028965562582016,121348.1484375,-12530.5615234375,-12530.568359375,-121348.1484375,281.75152587890625,1627.5830078125,4021.0,40.34331512451172,4021.0,0.0,0.0,31.271484375,52.046875,0.07844093441963196,49,0,-1,0.0,0.0,0.0,-1,231,-1,0,0,0,0,37375,37437,4288,4297
11,-1,-1,12,1,0,27,-1,12,17,1,-1,-1,12,0,2779,3919,1468,1378,37381,5496,122014.6015625,-0.1317306011915207,120957.4765625,-16026.6123046875,-16026.611328125,-120957.4765625,192.68557739257813,1408.933837890625,2779.0,37.5357666015625,2779.0,0.0,0.0,29.1865234375,48.2734375,0.06954454630613327,55,0,-1,0.0,0.0,0.0,-1,231,-1,0,0,0,0,37338,37395,5493,5501
12,-1,-1,13,1,0,27,-1,13,18,1,-1,-1,13,1280,2791,3919,31,1322,37327,4462,122057.796875,-0.10694722086191177,121360.4296875,-13028.8720703125,-13028.873046875,-121360.4296875,207.92747497558594,1372.4996337890625,2791.0,37.04726028442383,2791.0,0.0,0.0,28.2216796875,48.6328125,0.066590316593647,47,0,-1,0.0,0.0,0.0,-1,231,-1,0,0,0,0,37310,37368,4458,4466
13,-1,-1,14,1,0,27,-1,14,19,1,-1,-1,14,0,4049,3919,1704,1250,37270,5665,122103.3984375,-0.13578127324581146,120979.5390625,-16528.45703125,-16528.462890625,-120979.53125,286.49761962890625,1477.119140625,4049.0,38.43330764770508,4049.0,0.0,0.0,29.583984375,49.9296875,0.06678983569145203,54,0,-1,0.0,0.0,0.0,-1,231,-1,0,0,0,0,37254,37313,5661,5669
14,-1,-1,15,1,0,27,-1,15,20,1,-1,-1,15,0,2795,3919,267,1270,37283,4632,122093.3984375,-0.11102186143398285,121341.71875,-13527.20703125,-13527.21484375,-121341.71875,225.1028594970703,1383.8377685546875,2795.0,37.19997024536133,2795.0,0.0,0.0,28.4091796875,48.7109375,0.06789995729923248,46,0,-1,0.0,0.0,0.0,-1,231,-1,0,0,0,0,37242,37300,4628,4636
15,-1,-1,16,1,0,27,-1,16,21,1,-1,-1,16,0,4059,3919,1939,1161,37193,5834,122164.8984375,-0.13983193039894104,120972.5,-17026.939453125,-17026.94140625,-120972.5,298.9441833496094,1678.802490234375,4059.0,40.97319412231445,4059.0,0.0,0.0,32.787109375,51.203125,0.06723371148109436,52,0,-1,0.0,0.0,0.0,-1,231,-1,0,0,0,0,37168,37228,5830,5839
16,-1,-1,17,1,0,27,-1,17,22,1,-1,-1,17,0,2772,3919,503,1174,37200,4801,122159.796875,-0.11507252603769302,121351.8828125,-14026.2333984375,-14026.2333984375,-121351.8828125,234.9843292236328,1395.0294189453125,2772.0,37.350093841552734,2772.0,0.0,0.0,28.59765625,48.78125,0.06511321663856506,45,0,-1,0.0,0.0,0.0,-1,231,-1,0,0,0,0,37172,37230,4798,4806
17,-1,-1,18,1,0,27,-1,18,23,1,-1,-1,18,0,2225,3919,2173,1051,37097,6003,122241.8984375,-0.1438826024532318,120978.7421875,-17527.857421875,-17527.8671875,-120978.7421875,174.17739868164063,1470.6966552734375,2225.0,38.34966278076172,2225.0,0.0,0.0,29.84765625,49.2734375,0.06471645087003708,51,0,-1,0.0,0.0,0.0,-1,231,-1,0,0,0,0,37080,37138,5999,6007
18,-1,-1,19,1,0,27,-1,19,24,1,-1,-1,19,0,4045,3919,739,1090,37127,4971,122217.796875,-0.1191471666097641,121351.3203125,-14527.474609375,-14527.482421875,-121351.3203125,342.7132263183594,1649.6417236328125,4045.0,40.615779876708984,4045.0,0.0,0.0,31.978515625,51.5859375,0.06708265095949173,46,0,-1,0.0,0.0,0.0,-1,231,-1,0,0,0,0,37097,37158,4967,4976
19,-1,-1,20,1,0,27,-1,20,25,1,-1,-1,20,0,2789,3919,974,1001,37050,5141,122279.296875,-0.12322179973125458,121352.1484375,-15029.3740234375,-15029.3740234375,-121352.1484375,236.32009887695313,1417.5751953125,2789.0,37.650699615478516,2789.0,0.0,0.0,28.9716796875,48.9296875,0.05859028175473213,46,0,-1,0.0,0.0,0.0,-1,231,-1,0,0,0,0,37024,37082,5137,5145
20,-1,-1,21,1,0,27,-1,21,26,1,-1,-1,21,0,2561,3919,2409,946,37007,6173,122313.796875,-0.1479572355747223,120977.4296875,-18031.25390625,-18031.255859375,-120977.4296875,215.15768432617188,1452.7965087890625,2561.0,38.11556625366211,2561.0,0.0,0.0,29.916015625,48.5625,0.06577417999505997,50,0,-1,0.0,0.0,0.0,-1,231,-1,0,0,0,0,36991,37048,6168,6176
21,-1,-1,22,1,0,27,-1,22,27,1,-1,-1,22,0,2603,3919,1210,907,36969,5310,122344.296875,-0.12727247178554535,121354.75,-15529.0576171875,-15529.064453125,-121354.75,220.5597686767578,1429.027587890625,2603.0,37.80248260498047,2603.0,0.0,0.0,29.1591796875,49.0078125,0.06564529240131378,46,0,-1,0.0,0.0,0.0,-1,231,-1,0,0,0,0,36946,37004,5306,5314
22,-1,-1,23,1,0,27,-1,23,28,1,-1,-1,23,0,4043,3919,2643,853,36927,6341,122378.1015625,-0.15198394656181335,120967.40625,-18527.984375,-18527.9921875,-120967.40625,339.6651916503906,1683.56591796875,4043.0,41.031280517578125,4043.0,0.0,0.0,33.240234375,50.6484375,0.0668267235159874,50,0,-1,0.0,0.0,0.0,-1,231,-1,0,0,0,0,36897,36956,6337,6346
23,-1,-1,24,1,0,27,-1,24,29,1,-1,-1,24,0,2568,3919,1445,825,36897,5480,122401.703125,-0.13134710490703583,121347.375,-16030.921875,-16030.9208984375,-121347.375,217.6283416748047,1439.8590087890625,2568.0,37.945472717285156,2568.0,0.0,0.0,29.3427734375,49.0703125,0.0650390014052391,47,0,-1,0.0,0.0,0.0,-1,231,-1,0,0,0,0,36865,36923,5475,5483
24,-1,-1,25,1,0,27,-1,25,30,1,-1,-1,25,0,2770,3919,1679,734,36819,5648,122464.6015625,-0.1353738009929657,121344.1640625,-16527.908203125,-16527.91796875,-121344.1640625,223.0345001220703,1479.849609375,2770.0,38.468814849853516,2770.0,0.0,0.0,29.638671875,49.9296875,0.06535562127828598,48,0,-1,0.0,0.0,0.0,-1,231,-1,0,0,0,0,36782,36841,5644,5652
25,-1,-1,26,1,0,27,-1,26,31,1,-1,-1,26,0,4048,3919,1914,629,36728,5816,122537.296875,-0.13940049707889557,121348.6171875,-17026.490234375,-17026.4921875,-121348.6015625,260.85589599609375,1681.902587890625,4048.0,41.01100540161133,4048.0,0.0,0.0,32.84765625,51.203125,0.0673566535115242,52,0,-1,0.0,0.0,0.0,-1,231,-1,0,0,0,0,36696,36756,5812,5821
26,-1,-1,27,1,0,27,-1,27,32,1,-1,-1,27,0,4051,3919,2148,528,36640,5985,122608.0,-0.14345116913318634,121348.6328125,-17528.0,-17528.01171875,-121348.6328125,224.02430725097656,1503.45849609375,4051.0,38.77445602416992,4051.0,0.0,0.0,30.017578125,50.0859375,0.06730744987726212,57,0,-1,0.0,0.0,0.0,-1,231,-1,0,0,0,0,36608,36667,5981,5989
27,-1,-1,28,1,0,27,-1,28,33,1,-1,-1,28,0,4044,3919,2382,403,36532,6153,122693.8984375,-0.1474778652191162,121362.0390625,-18029.11328125,-18029.119140625,-121362.0390625,208.59463500976563,1674.8076171875,4044.0,40.92441177368164,4044.0,0.0,0.0,33.11328125,50.578125,0.07407645136117935,63,0,-1,0.0,0.0,0.0,-1,231,-1,0,0,0,0,36519,36578,6149,6158
28,-1,-1,29,1,0,27,-1,29,34,1,-1,-1,29,1536,4020,3920,126,1419,37422,6536,121981.8984375,-0.15665778517723083,120488.1328125,-19031.34765625,-19031.35546875,-120488.1328125,313.5947570800781,0.0,4020.0,4020.0,4020.0,0.0,0.0,0.0,0.0,0.2136366069316864,60,0,-1,0.0,0.0,0.0,-1,0,-1,0,0,0,0,37416,37432,6532,6541
29,-1,-1,30,1,0,27,-1,30,35,1,-1,-1,30,0,2222,3920,360,1336,37351,6705,122039.203125,-0.1607084572315216,120466.6328125,-19528.41796875,-19528.419921875,-120466.6328125,172.7011260986328,1542.9144287109375,2222.0,39.27994918823242,2222.0,0.0,0.0,30.65234375,50.3359375,0.06361977010965347,59,0,-1,0.0,0.0,0.0,-1,231,-1,0,0,0,0,37318,37377,6701,6709
30,-1,-1,31,1,0,27,-1,31,36,1,-1,-1,31,0,4046,3920,595,1209,37240,6874,122127.296875,-0.16475912928581238,120473.4375,-20030.67578125,-20030.685546875,-120473.4453125,319.7826843261719,1554.0390625,4046.0,39.421302795410156,4046.0,0.0,0.0,30.83984375,50.390625,0.06679654121398926,58,0,-1,0.0,0.0,0.0,-1,231,-1,0,0,0,0,37217,37276,6870,6878
31,-1,-1,32,1,0,27,-1,32,37,1,-1,-1,32,1280,4039,3920,89,753,36839,6510,122448.1015625,-0.15603460371494293,120960.5078125,-19028.705078125,-19028.708984375,-120960.5078125,342.0882263183594,1695.9351806640625,4039.0,41.181732177734375,4039.0,0.0,0.0,33.427734375,50.734375,0.06667546927928925,51,0,-1,0.0,0.0,0.0,-1,231,-1,0,0,0,0,36801,36860,6505,6514
32,-1,-1,33,1,0,27,-1,33,38,1,-1,-1,33,0,2576,3920,323,629,36732,6678,122534.1015625,-0.160061314702034,120967.8046875,-19529.330078125,-19529.33984375,-120967.8046875,218.11795043945313,1515.631103515625,2576.0,38.93110656738281,2576.0,0.0,0.0,30.58984375,49.546875,0.06445720791816711,52,0,-1,0.0,0.0,0.0,-1,231,-1,0,0,0,0,36703,36761,6674,6682
33,-1,-1,34,1,0,27,-1,34,39,1,-1,-1,34,0,2813,3920,556,490,36611,6846,122630.6015625,-0.16408801078796387,120983.3984375,-20032.033203125,-20032.041015625,-120983.3984375,238.360595703125,1496.31494140625,2813.0,38.68223190307617,2813.0,0.0,0.0,30.64453125,48.828125,0.09074193239212036,53,0,-1,0.0,0.0,0.0,-1,231,-1,0,0,0,0,36603,36660,6842,6850
34,-1,-1,35,1,0,27,-1,35,40,1,-1,-1,35,1280,4083,3920,61,212,36366,6490,122826.796875,-0.15555523335933685,121343.7421875,-19029.390625,-19029.396484375,-121343.7421875,213.45834350585938,1699.007080078125,4083.0,41.21901321411133,4083.0,0.0,0.0,33.48828125,50.734375,0.0671844407916069,67,0,-1,0.0,0.0,0.0,-1,231,-1,0,0,0,0,36330,36389,6485,6494
35,-1,-1,36,1,0,27,-1,36,42,1,-1,-1,36,1536,4067,3920,294,102,36271,6657,122903.0,-0.15955796837806702,121341.8359375,-19527.048828125,-19527.052734375,-121341.8359375,227.04014587402344,1744.374755859375,4067.0,41.76571273803711,4067.0,0.0,0.0,33.8046875,51.6015625,0.06692997366189957,71,0,-1,0.0,0.0,0.0,-1,231,-1,0,0,0,0,36232,36292,6653,6662
36,-1,-1,37,1,0,27,-1,37,43,1,-1,-1,37,1792,2586,4040,2048,1419,38581,249531,121054.703125,-5.980871200561523,115564.875,36041.63671875,36041.63671875,-115564.875,184.99473571777344,1573.012451171875,2586.0,39.66122055053711,2586.0,0.0,0.0,34.30078125,45.859375,0.09528897702693939,66,0,-1,0.0,0.0,0.0,-1,231,-1,0,0,0,0,38539,38590,249527,249535
37,-1,-1,38,1,0,27,-1,38,44,1,-1,-1,38,0,4034,4040,1821,1177,38369,249367,121224.1015625,-5.976940631866455,115583.8359375,36546.6640625,36546.66015625,-115583.8359375,288.5803527832031,1852.4072265625,4034.0,43.03960037231445,4034.0,0.0,0.0,36.14453125,51.25,0.06774310022592545,66,0,-1,0.0,0.0,0.0,-1,231,-1,0,0,0,0,38353,38411,249363,249371
38,-1,-1,39,1,0,27,-1,39,45,1,-1,-1,39,0,2584,4040,1616,987,38201,249218,121358.703125,-5.973369121551514,115580.7734375,37000.2734375,37000.265625,-115580.78125,201.92202758789063,1861.5494384765625,2584.0,43.14567565917969,2584.0,0.0,0.0,36.30078125,51.28125,0.06585536897182465,62,0,-1,0.0,0.0,0.0,-1,231,-1,0,0,0,0,38180,38238,249214,249222
39,-1,-1,40,1,0,27,-1,40,46,1,-1,-1,40,0,2572,4040,2345,917,38143,249747,121405.296875,-5.986048221588135,116085.1484375,35545.5234375,35545.5234375,-116085.1484375,217.95736694335938,1837.4317626953125,2572.0,42.86527633666992,2572.0,0.0,0.0,35.890625,51.1953125,0.06905810534954071,60,0,-1,0.0,0.0,0.0,-1,231,-1,0,0,0,0,38128,38186,249743,249751
40,-1,-1,41,1,0,27,-1,41,47,1,-1,-1,41,0,2801,4040,2118,733,37982,249583,121534.1015625,-5.982117652893066,116067.546875,36039.7265625,36039.71875,-116067.53125,237.36927795410156,1884.23046875,2801.0,43.40772247314453,2801.0,0.0,0.0,36.24609375,51.984375,0.06656289845705032,60,0,-1,0.0,0.0,0.0,-1,231,-1,0,0,0,0,37944,38003,249579,249587
41,-1,-1,42,1,0,27,-1,42,48,1,-1,-1,42,0,2776,4040,1892,534,37807,249419,121674.203125,-5.97818660736084,116058.6171875,36537.78125,36537.78515625,-116058.625,235.2506561279297,1814.76025390625,2776.0,42.60000228881836,2776.0,0.0,0.0,35.94140625,50.4921875,0.08707517385482788,60,0,-1,0.0,0.0,0.0,-1,231,-1,0,0,0,0,37759,37816,249415,249423
42,-1,-1,43,1,0,27,-1,43,49,1,-1,-1,43,0,4047,4040,2640,482,37763,249961,121709.0,-5.991177558898926,116556.796875,35037.046875,35037.046875,-116556.7890625,341.7418518066406,2000.383056640625,4047.0,44.725643157958984,4047.0,0.0,0.0,38.48046875,51.984375,0.11172613501548767,60,0,-1,0.0,0.0,0.0,-1,231,-1,0,0,0,0,37712,37770,249956,249965
43,-1,-1,44,1,0,27,-1,44,50,1,-1,-1,44,0,2595,4040,1688,317,37615,249271,121827.703125,-5.974639415740967,116074.53125,36995.84765625,36995.84765625,-116074.53125,219.8661346435547,1864.604736328125,2595.0,43.181068420410156,2595.0,0.0,0.0,36.34375,51.3046875,0.06553154438734055,59,0,-1,0.0,0.0,0.0,-1,231,-1,0,0,0,0,37586,37644,249266,249274
44,-1,-1,45,1,0,27,-1,45,51,1,-1,-1,45,0,4043,4040,2414,242,37552,249797,121877.796875,-5.987246990203857,116579.6328125,35544.13671875,35544.13671875,-116579.6328125,341.7749938964844,1916.281005859375,4043.0,43.77534866333008,4043.0,0.0,0.0,36.34375,52.7265625,0.06724967807531357,59,0,-1,0.0,0.0,0.0,-1,231,-1,0,0,0,0,37530,37590,249793,249801
45,-1,-1,46,1,0,27,-1,46,52,1,-1,-1,46,1536,2801,4040,2188,27,37364,249633,122028.296875,-5.983315944671631,116582.796875,36046.59765625,36046.59765625,-116582.796875,237.15089416503906,1850.6873779296875,2801.0,43.019615173339844,2801.0,0.0,0.0,36.10546875,51.2578125,0.0698011964559555,59,0,-1,0.0,0.0,0.0,-1,231,-1,0,0,0,0,37349,37407,249630,249638
46,-1,-1,47,1,0,27,-1,47,53,1,-1,-1,47,1792,2749,4041,990,1421,38589,250786,121048.5,-6.010951519012451,116590.609375,32547.958984375,32547.947265625,-116590.609375,195.08419799804688,0.0,2749.0,2749.0,2749.0,0.0,0.0,0.0,0.0,0.17294202744960785,66,0,-1,0.0,0.0,0.0,-1,0,-1,0,0,0,0,38580,38596,250782,250790
47,-1,-1,48,1,0,27,-1,48,54,1,-1,-1,48,0,2780,4041,2228,1334,38517,251683,121106.203125,-6.032451152801514,117319.2734375,30048.29296875,30048.294921875,-117319.2734375,191.38243103027344,1760.6248779296875,2780.0,41.959800720214844,2780.0,0.0,0.0,34.197265625,51.484375,0.07952456921339035,69,0,-1,0.0,0.0,0.0,-1,231,-1,0,0,0,0,38505,38564,251680,251688
48,-1,-1,49,1,0,27,-1,49,55,1,-1,-1,49,1280,4053,4041,11,1353,38525,250076,121099.296875,-5.993934154510498,116068.5625,34541.70703125,34541.70703125,-116068.5546875,280.99688720703125,1851.9468994140625,4053.0,43.03425216674805,4053.0,0.0,0.0,35.7109375,51.859375,0.13436992466449738,66,1,-1,0.0,0.0,0.0,-1,231,-1,0,0,0,0,38487,38546,250072,250080
49,-1,-1,50,1,0,27,-1,50,56,1,-1,-1,50,0,4071,4041,1769,986,38210,251351,121351.3984375,-6.02449369430542,117313.4921875,31043.619140625,31043.607421875,-117313.4921875,324.8843078613281,42281.9140625,4071.0,205.62567138671875,4071.0,0.0,0.0,150.248046875,281.4140625,0.06818296015262604,64,0,-1,0.0,0.0,0.0,-1,231,-1,0,0,0,0,38191,38527,251326,251355
50,-1,-1,51,1,0,27,-1,51,57,1,-1,-1,51,0,2573,4041,762,1266,38453,250621,121157.0,-6.0069966316223145,116565.359375,33038.390625,33038.37890625,-116565.359375,214.43887329101563,1616.978515625,2573.0,40.211669921875,2573.0,0.0,0.0,32.21875,50.1875,0.0676695704460144,62,0,-1,0.0,0.0,0.0,-1,231,-1,0,0,0,0,38412,38470,250617,250624
51,-1,-1,52,1,0,27,-1,52,58,1,-1,-1,52,0,2793,4041,1998,1170,38373,251517,121221.0,-6.028472423553467,117309.890625,30543.76171875,30543.763671875,-117309.890625,192.2773895263672,1698.2972412109375,2793.0,41.21040344238281,2793.0,0.0,0.0,33.9765625,49.984375,0.0661621019244194,69,0,-1,0.0,0.0,0.0,-1,231,-1,0,0,0,0,38351,38408,251513,251521
52,-1,-1,53,1,0,27,-1,53,59,1,-1,-1,53,0,4077,4041,1540,820,38065,251185,121467.6015625,-6.020514965057373,117301.265625,31540.302734375,31540.29296875,-117301.2734375,345.4028015136719,42583.30859375,4077.0,206.35723876953125,4077.0,0.0,0.0,151.28125,281.484375,0.06752654910087585,62,0,-1,0.0,0.0,0.0,-1,231,-1,0,0,0,0,38031,38367,251160,251189
53,-1,-1,54,1,0,27,-1,54,61,1,-1,-1,54,0,2791,4041,533,1042,38256,250454,121314.6015625,-6.002994060516357,116583.6484375,33548.2734375,33548.27734375,-116583.6484375,232.607421875,1756.5908203125,2791.0,41.91170120239258,2791.0,0.0,0.0,34.95703125,50.25,0.061819590628147125,62,0,-1,0.0,0.0,0.0,-1,231,-1,0,0,0,0,38241,38298,250451,250459
54,-1,-1,55,1,0,27,-1,55,62,1,-1,-1,55,0,2771,4041,1311,637,37904,251018,121596.5,-6.016512393951416,117298.4296875,32043.52734375,32043.52734375,-117298.4296875,234.74021911621094,41808.12109375,2771.0,204.4703369140625,2771.0,0.0,0.0,149.310546875,280.0078125,0.06511229276657104,62,0,-1,0.0,0.0,0.0,-1,231,-1,0,0,0,0,37868,38203,250994,251022
55,-1,-1,56,1,0,27,-1,56,64,1,-1,-1,56,0,4069,4041,306,874,38107,250290,121433.796875,-5.999063491821289,116565.296875,34039.6640625,34039.6640625,-116565.296875,344.77581787109375,2019.35546875,4069.0,44.93724060058594,4069.0,0.0,0.0,38.35546875,52.6484375,0.07036840170621872,61,0,-1,0.0,0.0,0.0,-1,231,-1,0,0,0,0,38065,38124,250286,250295
56,-1,-1,57,1,0,27,-1,57,65,1,-1,-1,57,0,4036,4041,1054,766,38016,250832,121507.0,-6.012053966522217,117068.1640625,32542.201171875,32542.201171875,-117068.1640625,339.36676025390625,1817.501708984375,4036.0,42.63216781616211,4036.0,0.0,0.0,35.13671875,51.7265625,0.06729105859994888,61,0,-1,0.0,0.0,0.0,-1,231,-1,0,0,0,0,37979,38038,250828,250836
57,-1,-1,58,1,0,27,-1,58,67,1,-1,-1,58,1280,2583,4041,79,670,37929,250125,121576.6015625,-5.995108604431152,116566.6875,34540.96875,34540.95703125,-116566.6875,218.67398071289063,1854.9365234375,2583.0,43.068973541259766,2583.0,0.0,0.0,35.7578125,51.875,0.06643903255462646,60,0,-1,0.0,0.0,0.0,-1,231,-1,0,0,0,0,37890,37949,250121,250129
58,-1,-1,59,1,0,27,-1,59,68,1,-1,-1,59,0,2774,4041,826,547,37824,250667,121660.296875,-6.008099555969238,117086.1015625,33046.51953125,33046.5234375,-117086.1015625,231.7306671142578,44226.2890625,2774.0,210.30047607421875,2774.0,0.0,0.0,156.99609375,281.703125,0.0764271542429924,60,0,-1,0.0,0.0,0.0,-1,231,-1,0,0,0,0,37535,37870,250663,250693
59,-1,-1,60,1,0,27,-1,60,69,1,-1,-1,60,1792,2574,4041,629,42,37381,250524,122014.6015625,-6.004672050476074,117312.796875,33545.05078125,33545.05078125,-117312.796875,215.02333068847656,44341.05859375,2574.0,210.5731658935547,2574.0,0.0,0.0,157.79296875,281.0078125,0.06661663204431534,60,0,-1,0.0,0.0,0.0,-1,231,-1,0,0,0,0,37365,37699,250498,250528
60,-1,-1,61,1,0,28,-1,61,74,1,-1,-1,61,1792,4069,4048,2391,1421,38661,3809,120990.8984375,-0.09129582345485687,120487.0234375,-11030.6259765625,-11030.6328125,-120487.0234375,340.941650390625,0.0,4069.0,4069.0,4069.0,0.0,0.0,0.0,0.0,0.23264722526073456,65,0,-1,0.0,0.0,0.0,-1,0,-1,0,0,0,0,38654,38669,3805,3814
61,-1,-1,62,1,0,28,-1,62,75,1,-1,-1,62,1536,2570,4048,2628,1398,38643,3981,121005.3984375,-0.09541840106248856,120454.953125,-11528.62890625,-11528.6396484375,-120454.953125,215.35983276367188,978.0411376953125,2570.0,31.273649215698242,2570.0,0.0,0.0,21.517578125,45.453125,0.08144122362136841,65,0,-1,0.0,0.0,0.0,-1,231,-1,0,0,0,0,38597,38652,3978,3984
62,-1,-1,63,1,0,28,-1,63,76,1,-1,-1,63,0,2763,4048,1188,1040,38325,2936,121260.0,-0.0703713670372963,120959.875,-8526.1904296875,-8526.19921875,-120959.875,231.7936553955078,1291.80810546875,2763.0,35.94173049926758,2763.0,0.0,0.0,26.515625,48.71875,0.06596554815769196,61,0,-1,0.0,0.0,0.0,-1,231,-1,0,0,0,0,38285,38344,2933,2941
63,-1,-1,64,1,0,28,-1,64,77,1,-1,-1,64,0,2588,4048,1055,1051,38332,2840,121253.8984375,-0.06807039678096771,120973.0859375,-8247.4287109375,-8247.435546875,-120973.0859375,216.64788818359375,1237.8021240234375,2588.0,35.182411193847656,2588.0,0.0,0.0,26.296875,47.0703125,0.06527441740036011,61,0,-1,0.0,0.0,0.0,-1,231,-1,0,0,0,0,38309,38366,2836,2844
64,-1,-1,65,1,0,28,-1,65,78,1,-1,-1,65,0,2590,4048,1425,987,38278,3109,121297.1015625,-0.07451791316270828,120960.4765625,-9030.443359375,-9030.455078125,-120960.4765625,218.80641174316406,1255.123779296875,2590.0,35.42772674560547,2590.0,0.0,0.0,26.58984375,47.203125,0.06651685386896133,61,0,-1,0.0,0.0,0.0,-1,231,-1,0,0,0,0,38240,38297,3104,3112
65,-1,-1,66,1,0,28,-1,66,79,1,-1,-1,66,0,4038,4048,1661,921,38221,3280,121342.5,-0.07861651480197906,120967.7109375,-9529.701171875,-9529.7041015625,-120967.7109375,341.13525390625,1436.730712890625,4038.0,37.904232025146484,4038.0,0.0,0.0,29.73828125,48.3125,0.0673493891954422,61,0,-1,0.0,0.0,0.0,-1,231,-1,0,0,0,0,38192,38250,3275,3284
66,-1,-1,67,1,0,28,-1,67,80,1,-1,-1,67,0,2783,4048,1897,885,38191,3451,121366.8984375,-0.08271512389183044,120951.953125,-10027.4345703125,-10027.443359375,-120951.953125,235.83721923828125,1301.7467041015625,2783.0,36.07972717285156,2783.0,0.0,0.0,27.02734375,48.1640625,0.09956888109445572,61,0,-1,0.0,0.0,0.0,-1,231,-1,0,0,0,0,38142,38200,3447,3455
67,-1,-1,68,1,0,28,-1,68,81,1,-1,-1,68,0,2775,4048,2133,803,38119,3622,121424.296875,-0.08681372553110123,120967.0234375,-10528.0595703125,-10528.060546875,-120967.0234375,235.1917724609375,1288.1124267578125,2775.0,35.890281677246094,2775.0,0.0,0.0,27.1494140625,47.4453125,0.058610767126083374,61,0,-1,0.0,0.0,0.0,-1,231,-1,0,0,0,0,38089,38146,3618,3626
68,-1,-1,69,1,0,28,-1,69,82,1,-1,-1,69,0,4079,4048,2605,660,37996,3964,121522.796875,-0.09501093626022339,120974.7109375,-11528.6318359375,-11528.6298828125,-120974.7109375,345.6034240722656,1401.148193359375,4079.0,37.431915283203125,4079.0,0.0,0.0,30.26953125,46.2890625,0.06789789348840714,62,0,-1,0.0,0.0,0.0,-1,231,-1,0,0,0,0,37979,38034,3960,3969
69,-1,-1,70,1,0,28,-1,70,83,1,-1,-1,70,0,2789,4048,2369,734,38060,3793,121471.796875,-0.09091232717037201,120970.15625,-11028.078125,-11028.0849609375,-120970.15625,236.29859924316406,1299.09765625,2789.0,36.04299545288086,2789.0,0.0,0.0,27.3359375,47.5234375,0.06576976925134659,62,0,-1,0.0,0.0,0.0,-1,231,-1,0,0,0,0,38034,38091,3790,3798
70,-1,-1,71,1,0,28,-1,71,84,1,-1,-1,71,0,2805,4048,1175,507,37857,2927,121633.8984375,-0.07015565037727356,121334.6953125,-8526.3076171875,-8526.3095703125,-121334.6953125,206.51927185058594,1318.7403564453125,2805.0,36.3144645690918,2805.0,0.0,0.0,26.6328125,49.515625,0.08488553017377853,56,0,-1,0.0,0.0,0.0,-1,231,-1,0,0,0,0,37809,37869,2923,2931
71,-1,-1,72,1,0,28,-1,72,85,1,-1,-1,72,0,2770,4048,1042,505,37854,2831,121636.1015625,-0.06785468012094498,121356.1875,-8247.2470703125,-8247.2470703125,-121356.1875,208.94076538085938,1264.5732421875,2770.0,35.56083679199219,2770.0,0.0,0.0,26.4140625,47.875,0.05856422334909439,57,0,-1,0.0,0.0,0.0,-1,231,-1,0,0,0,0,37833,37891,2827,2835
72,-1,-1,73,1,0,28,-1,73,86,1,-1,-1,73,0,2190,4048,1411,452,37810,3098,121671.6015625,-0.07425425946712494,121336.328125,-9026.3349609375,-9026.341796875,-121336.328125,155.96774291992188,1258.2821044921875,2190.0,35.47227096557617,2190.0,0.0,0.0,26.65234375,47.2109375,0.07693050801753998,55,0,-1,0.0,0.0,0.0,-1,231,-1,0,0,0,0,37765,37822,3095,3103
73,-1,-1,74,1,0,28,-1,74,87,1,-1,-1,74,0,2222,4048,1646,394,37760,3269,121711.3984375,-0.07835286110639572,121337.984375,-9526.681640625,-9526.6806640625,-121337.984375,158.24671936035156,1293.3203125,2222.0,35.962764739990234,2222.0,0.0,0.0,26.900390625,48.078125,0.07095980644226074,55,0,-1,0.0,0.0,0.0,-1,231,-1,0,0,0,0,37717,37775,3265,3273
74,-1,-1,75,1,0,28,-1,75,88,1,-1,-1,75,0,2776,4048,1882,307,37685,3440,121771.5,-0.0824514701962471,121357.8125,-10028.8671875,-10028.87109375,-121357.8125,190.63258361816406,1280.2816162109375,2776.0,35.78102493286133,2776.0,0.0,0.0,27.0244140625,47.375,0.059894710779190063,53,0,-1,0.0,0.0,0.0,-1,231,-1,0,0,0,0,37668,37725,3436,3444
75,-1,-1,76,1,0,28,-1,76,89,1,-1,-1,76,0,2587,4048,2118,238,37625,3611,121819.796875,-0.08655007183551788,121363.8125,-10530.353515625,-10530.3662109375,-121363.828125,175.5493927001953,1315.9658203125,2587.0,36.276241302490234,2587.0,0.0,0.0,27.2783203125,48.2421875,0.08214198052883148,53,0,-1,0.0,0.0,0.0,-1,231,-1,0,0,0,0,37614,37672,3606,3614
76,-1,-1,77,1,0,28,-1,77,90,1,-1,-1,77,0,4063,4048,2353,198,37591,3782,121847.0,-0.09064867347478867,121346.71875,-11030.1484375,-11030.150390625,-121346.71875,275.325439453125,1503.906005859375,4063.0,38.78022766113281,4063.0,0.0,0.0,30.44921875,49.390625,0.0675068348646164,51,0,-1,0.0,0.0,0.0,-1,231,-1,0,0,0,0,37558,37617,3777,3786
77,-1,-1,78,1,0,28,-1,78,91,1,-1,-1,78,1536,4038,4048,2588,102,37508,3952,121913.3984375,-0.09472331404685974,121366.8671875,-11530.779296875,-11530.7880859375,-121366.8671875,276.73773193359375,1364.5218505859375,4038.0,36.93943405151367,4038.0,0.0,0.0,27.732421875,49.203125,0.10261231660842896,50,0,-1,0.0,0.0,0.0,-1,231,-1,0,0,0,0,37501,37560,3948,3956
78,-1,-1,79,1,0,28,-1,79,92,1,-1,-1,79,1792,4045,4049,1756,1414,38663,5370,120989.3984375,-0.1287105828523636,119988.6015625,-15529.6552734375,-15529.6650390625,-119988.6015625,342.1578674316406,0.0,4045.0,4045.0,4045.0,0.0,0.0,0.0,0.0,0.1566614955663681,66,0,-1,0.0,0.0,0.0,-1,0,-1,0,0,0,0,38658,38677,5366,5375
79,-1,-1,80,1,0,28,-1,80,93,1,-1,-1,80,0,2518,4049,1992,1332,38592,5541,121046.0,-0.13280917704105377,119980.046875,-16028.8017578125,-16028.8056640625,-119980.046875,212.64083862304688,1430.04736328125,2518.0,37.81596755981445,2518.0,0.0,0.0,29.1474609375,49.0625,0.06764407455921173,66,0,-1,0.0,0.0,0.0,-1,231,-1,0,0,0,0,38577,38635,5537,5545
80,-1,-1,81,1,0,28,-1,81,94,1,-1,-1,81,1280,4047,4049,76,1282,38541,4152,121086.6015625,-0.09951700270175934,120487.5,-12030.2958984375,-12030.298828125,-120487.5,339.3591613769531,1520.416748046875,4047.0,38.992523193359375,4047.0,0.0,0.0,30.6767578125,49.5625,0.10859546065330505,64,0,-1,0.0,0.0,0.0,-1,231,-1,0,0,0,0,38535,38594,4147,4156
81,-1,-1,82,1,0,28,-1,82,95,1,-1,-1,82,0,2787,4049,312,1257,38520,4323,121103.296875,-0.10361561179161072,120453.7890625,-12525.7509765625,-12525.7607421875,-120453.7890625,233.70248413085938,1380.70947265625,2787.0,37.15789794921875,2787.0,0.0,0.0,27.9814453125,49.34375,0.09113799780607224,64,0,-1,0.0,0.0,0.0,-1,231,-1,0,0,0,0,38472,38531,4319,4327
82,-1,-1,83,1,0,28,-1,83,96,1,-1,-1,83,0,2803,4049,548,1163,38439,4494,121168.296875,-0.1077142134308815,120466.0546875,-13026.32421875,-13026.3251953125,-120466.0546875,235.36398315429688,1365.8211669921875,2803.0,36.95701599121094,2803.0,0.0,0.0,28.0888671875,48.625,0.05931835621595383,64,0,-1,0.0,0.0,0.0,-1,231,-1,0,0,0,0,38407,38465,4491,4499
83,-1,-1,84,1,0,28,-1,84,97,1,-1,-1,84,0,2762,4049,784,1080,38367,4666,121226.3984375,-0.11183678358793259,120469.0703125,-13529.326171875,-13529.33203125,-120469.0703125,232.43185424804688,1376.97412109375,2762.0,37.107601165771484,2762.0,0.0,0.0,28.27734375,48.6953125,0.06594640016555786,64,0,-1,0.0,0.0,0.0,-1,231,-1,0,0,0,0,38338,38396,4662,4670
84,-1,-1,85,1,0,28,-1,85,98,1,-1,-1,85,0,4037,4049,1020,981,38281,4836,121294.8984375,-0.11591142416000366,120480.984375,-14028.0029296875,-14028.0009765625,-120480.984375,340.5843505859375,1569.3663330078125,4037.0,39.61522674560547,4037.0,0.0,0.0,31.4462890625,49.90625,0.07204040139913559,64,0,-1,0.0,0.0,0.0,-1,231,-1,0,0,0,0,38267,38326,4832,4841
85,-1,-1,86,1,0,28,-1,86,99,1,-1,-1,86,0,2801,4049,1255,922,38230,5007,121335.3984375,-0.12001002579927444,120462.6875,-14526.5361328125,-14526.5400390625,-120462.6875,236.60848999023438,1399.80712890625,2801.0,37.413997650146484,2801.0,0.0,0.0,28.654296875,48.8515625,0.059738416224718094,64,0,-1,0.0,0.0,0.0,-1,231,-1,0,0,0,0,38194,38252,5003,5011
86,-1,-1,87,1,0,28,-1,87,100,1,-1,-1,87,0,2573,4049,1491,806,38130,5178,121415.796875,-0.12410863488912582,120481.9140625,-15030.0947265625,-15030.1044921875,-120481.9140625,217.91461181640625,1411.09033203125,2573.0,37.564483642578125,2573.0,0.0,0.0,28.84375,48.921875,0.07969151437282562,64,0,-1,0.0,0.0,0.0,-1,231,-1,0,0,0,0,38118,38176,5174,5182
87,-1,-1,88,1,0,28,-1,88,101,1,-1,-1,88,0,2554,4049,1726,754,38085,5349,121451.3984375,-0.1282072365283966,120454.609375,-15528.326171875,-15528.328125,-120454.609375,216.30545043945313,1422.304443359375,2554.0,37.71345138549805,2554.0,0.0,0.0,29.03125,48.9921875,0.07857433706521988,64,0,-1,0.0,0.0,0.0,-1,231,-1,0,0,0,0,38040,38098,5344,5352
88,-1,-1,89,1,0,28,-1,89,102,1,-1,-1,89,0,2799,4049,1960,621,37970,5518,121543.703125,-0.13225790858268738,120482.21875,-16028.29296875,-16028.30078125,-120482.21875,237.2115936279297,1433.8211669921875,2799.0,37.86582946777344,2799.0,0.0,0.0,29.2197265625,49.0703125,0.08316805213689804,64,0,-1,0.0,0.0,0.0,-1,231,-1,0,0,0,0,37959,38017,5515,5523
89,-1,-1,90,1,0,28,-1,90,103,1,-1,-1,90,1280,2573,4049,53,594,37939,4135,121568.203125,-0.09910953789949417,120971.6328125,-12028.8525390625,-12028.857421875,-120971.625,218.057861328125,1321.279052734375,2573.0,36.349403381347656,2573.0,0.0,0.0,27.70703125,47.6875,0.06507211178541183,62,0,-1,0.0,0.0,0.0,-1,231,-1,0,0,0,0,37916,37973,4131,4139
90,-1,-1,91,1,0,28,-1,91,104,1,-1,-1,91,0,2235,4049,2202,541,37900,5694,121599.703125,-0.13647635281085968,120469.015625,-16544.015625,-16544.025390625,-120469.015625,189.37890625,1445.3294677734375,2235.0,38.01749038696289,2235.0,0.0,0.0,29.412109375,49.140625,0.06555165350437164,64,0,-1,0.0,0.0,0.0,-1,231,-1,0,0,0,0,37875,37933,5690,5698
91,-1,-1,92,1,0,28,-1,92,105,1,-1,-1,92,0,4045,4049,288,514,37870,4305,121623.3984375,-0.10318417847156525,120976.515625,-12527.353515625,-12527.3642578125,-120976.515625,342.8076171875,1536.9197998046875,4045.0,39.20356750488281,4045.0,0.0,0.0,30.9560546875,49.6484375,0.06704039871692657,62,0,-1,0.0,0.0,0.0,-1,231,-1,0,0,0,0,37852,37911,4301,4310
92,-1,-1,93,1,0,28,-1,93,106,1,-1,-1,93,0,4073,4049,523,459,37823,4476,121661.1015625,-0.10728278011083603,120961.640625,-13027.1181640625,-13027.12109375,-120961.640625,345.18743896484375,1578.31201171875,4073.0,39.72797393798828,4073.0,0.0,0.0,31.234375,50.53125,0.06809043884277344,63,0,-1,0.0,0.0,0.0,-1,231,-1,0,0,0,0,37786,37846,4471,4480
93,-1,-1,94,1,0,28,-1,94,107,1,-1,-1,94,0,4036,4049,758,377,37751,4647,121718.5,-0.11138138920068741,120964.2734375,-13529.1611328125,-13529.169921875,-120964.2734375,332.3634338378906,1561.7030029296875,4036.0,39.51838684082031,4036.0,0.0,0.0,31.341796875,49.828125,0.06760525703430176,62,0,-1,0.0,0.0,0.0,-1,231,-1,0,0,0,0,37718,37777,4642,4651
94,-1,-1,95,1,0,28,-1,95,108,1,-1,-1,95,0,2559,4049,993,305,37689,4817,121768.1015625,-0.11545602232217789,120957.4140625,-14027.646484375,-14027.6474609375,-120957.4140625,193.78439331054688,1392.04345703125,2559.0,37.310096740722656,2559.0,0.0,0.0,28.541015625,48.7734375,0.06806937605142593,61,0,-1,0.0,0.0,0.0,-1,231,-1,0,0,0,0,37648,37706,4813,4821
95,-1,-1,96,1,0,28,-1,96,109,1,-1,-1,96,0,2779,4049,1227,224,37619,4987,121824.796875,-0.11953066289424896,120955.546875,-14527.1474609375,-14527.15625,-120955.546875,199.45501708984375,1458.7760009765625,2779.0,38.19392776489258,2779.0,0.0,0.0,28.91796875,50.4453125,0.07770275324583054,59,0,-1,0.0,0.0,0.0,-1,231,-1,0,0,0,0,37574,37634,4983,4991
96,-1,-1,97,1,0,28,-1,97,110,1,-1,-1,97,1536,2772,4049,1461,99,37511,5156,121910.703125,-0.12358132749795914,120980.953125,-15027.5673828125,-15027.568359375,-120980.953125,192.71205139160156,1568.1046142578125,2772.0,39.599300384521484,2772.0,0.0,0.0,31.814453125,49.2890625,0.07317893952131271,57,0,-1,0.0,0.0,0.0,-1,231,-1,0,0,0,0,37500,37558,5152,5161
97,-1,-1,98,1,0,28,-1,98,111,1,-1,-1,98,1536,2803,4049,1695,13,37437,5326,121970.1015625,-0.1276559680700302,120977.6328125,-15527.9560546875,-15527.9638671875,-120977.6328125,194.86720275878906,1315.09716796875,2803.0,36.26426696777344,2803.0,0.0,0.0,28.6962890625,45.828125,0.06317509710788727,57,0,-1,0.0,0.0,0.0,-1,231,-1,0,0,0,0,37426,37480,5323,5331
98,-1,-1,99,1,0,28,-1,99,113,1,-1,-1,99,1792,2586,4049,35,75,37485,4122,121931.5,-0.09879794716835022,121336.890625,-12026.994140625,-12026.9951171875,-121336.8984375,181.2010498046875,1350.08154296875,2586.0,36.74345397949219,2586.0,0.0,0.0,27.845703125,48.484375,0.07670290023088455,49,0,-1,0.0,0.0,0.0,-1,231,-1,0,0,0,0,37441,37499,4118,4126
