this_ptr,parent,next,prev,next_track,prev_track,track_root,count,track_count,track_node_count,status,track_id,evt.index,evt.event_id,evt.proc_id,evt.packet_id,evt.peak_adc,evt.peak_row,evt.peak_col,evt.x_encoder,evt.w_encoder,evt.radius,evt.theta,evt.x_cor,evt.y_cor,evt.x,evt.y,evt.snr,evt.ee,evt.ee_is_fitted,evt.xenc_merge_count,evt.wenc_merge_count,evt.wenc_per_um,evt.box_width,evt.box_height,evt.xenc_outer,evt.xenc_inner,evt.wenc_left,evt.wenc_right,evt.acc_flag,evt.cosmic_ray_flag,evt.saturated_flag,evt.pixel_sindex,evt.pixel_eindex
0,0,41,-1,41,-1,0,2,2,1,2,26,0,0,1,3788,4055,2694,1398,36155.25,6825,122995.796875,-0.1635846644639969,121353.78125,-20030.611328125,-20030.6171875,-121353.78125,344.83001708984375,0.06821230798959732,0,250.0,68.90985870361328,0.344549298286438,0,0,36129.0,36182.375,6820,6829,0,0,0,0,1500
1,1,5,-1,73,-1,1,3,2,2,2,26,1,1,1,3910,2773,2275,1382,37302.25,250173,122078.203125,-5.9962592124938965,117087.4453125,34548.78125,34548.77734375,-117087.4453125,233.67018127441406,0.07788451015949249,0,250.0,69.43671417236328,0.34718355536460876,0,0,37290.0,37343.375,250169,250177,0,0,0,0,1500
2,2,71,-1,71,-1,2,2,2,1,2,26,2,2,1,3910,4065,2534,1275,37209.625,250360,122152.296875,-6.000741004943848,117312.265625,34044.32421875,34044.3203125,-117312.265625,344.62420654296875,0.06861338764429092,0,250.0,69.39459228515625,0.3469729721546173,0,0,37188.625,37248.125,250355,250364,0,0,0,0,1500
3,3,-1,-1,-1,-1,3,1,1,1,2,26,3,3,1,3910,4036,1297,1283,37212.625,249470,122149.8984375,-5.979409217834473,116557.1171875,36538.15234375,36538.1484375,-116557.1171875,346.0038146972656,0.11966851353645325,0,250.0,69.39595031738281,0.3469797670841217,0,0,37160.125,37218.75,249466,249474,0,0,0,0,1500
4,4,8,-1,-1,-1,4,2,1,2,2,26,4,4,1,3910,2599,2048,1220,37159.5,250011,122192.3984375,-5.992376327514648,117061.8125,35035.90234375,35035.8984375,-117061.8125,220.58033752441406,0.09150844812393188,0,250.0,69.37181091308594,0.34685906767845154,0,0,37112.25,37170.0,250006,250014,0,0,0,0,1500
5,1,73,1,73,-1,1,1,1,1,2,26,5,5,1,3910,2773,2306,1109,37063.375,250195,122269.296875,-5.996786117553711,117288.9375,34541.0703125,34541.06640625,-117288.9375,234.246826171875,0.10138939321041107,0,250.0,69.32818603515625,0.346640944480896,0,0,37014.375,37072.125,250192,250200,0,0,0,0,1500
6,6,-1,-1,-1,-1,6,1,1,1,2,26,6,6,1,3910,2781,1091,1070,37025.25,249323,122299.796875,-5.97588586807251,116570.53125,36993.94140625,36993.9375,-116570.53125,235.7271728515625,0.06700922548770905,0,250.0,69.31089782714844,0.3465544879436493,0,0,36990.25,37048.0,249319,249327,0,0,0,0,1500
7,7,10,-1,-1,-1,7,2,1,2,2,26,7,7,1,3910,2764,1820,982,36951.25,249846,122359.0,-5.988421440124512,117081.75,35546.9921875,35546.98828125,-117081.75,234.22959899902344,0.05979189649224281,0,250.0,69.2773666381836,0.3463868200778961,0,0,36932.875,36990.625,249843,249851,0,0,0,0,1500
8,4,-1,4,-1,-1,4,1,1,1,2,26,8,8,1,3910,4051,2079,910,36888.25,250033,122409.3984375,-5.992903232574463,117288.1796875,35036.328125,35036.32421875,-117288.1796875,342.4314880371094,0.11670399457216263,0,250.0,69.24884033203125,0.3462441861629486,0,0,36836.625,36895.25,250029,250037,0,0,0,0,1500
9,9,12,-1,-1,-1,9,2,1,2,2,26,9,9,1,3910,4069,1594,811,36800.625,249684,122479.5,-5.984538555145264,117058.0078125,36036.7890625,36036.78515625,-117058.0078125,344.5564880371094,0.10851607471704483,0,250.0,69.2092056274414,0.3460460305213928,0,0,36749.875,36808.5,249679,249688,0,0,0,0,1500
10,7,-1,7,-1,-1,7,1,1,1,2,26,10,10,1,3910,4071,1852,660,36669.5,249869,122584.3984375,-5.9889726638793945,117317.0390625,35547.80859375,35547.8046875,-117317.0390625,344.3003234863281,0.08069255948066711,0,250.0,69.14998626708984,0.3457499146461487,0,0,36657.25,36715.875,249865,249874,0,0,0,0,1500
11,11,14,-1,-1,-1,11,2,1,2,2,26,11,11,1,3910,2556,1368,569,36587.875,249521,122649.703125,-5.980631351470947,117078.7890625,36544.59765625,36544.59375,-117078.7890625,215.24464416503906,0.06616105139255524,0,250.0,69.11316680908203,0.3455658257007599,0,0,36565.125,36623.75,249517,249525,0,0,0,0,1500
12,9,-1,9,-1,-1,9,1,1,1,2,26,12,12,1,3910,4035,1626,482,36512.75,249707,122709.796875,-5.9850897789001465,117298.0,36039.8984375,36039.89453125,-117298.0,340.5155944824219,0.06760776042938232,0,250.0,69.07931518554688,0.34539657831192017,0,0,36475.125,36533.75,249702,249711,0,0,0,0,1500
13,13,15,-1,-1,-1,13,2,1,2,2,26,13,13,1,3910,2251,1162,379,36421.625,249373,122782.703125,-5.977084159851074,117075.234375,36999.74609375,36999.7421875,-117075.234375,190.46075439453125,0.06703644245862961,0,250.0,69.03829956054688,0.34519147872924805,0,0,36396.25,36454.0,249369,249377,0,0,0,0,1500
14,11,-1,11,-1,-1,11,1,1,1,2,26,14,14,1,3910,4065,1400,267,36323.625,249544,122861.1015625,-5.981183052062988,117300.7578125,36542.87890625,36542.875,-117300.7578125,343.61822509765625,0.06865336745977402,0,250.0,68.99424743652344,0.344971239566803,0,0,36290.375,36349.875,249540,249548,0,0,0,0,1500
15,13,-1,13,-1,-1,13,1,1,1,2,26,15,15,1,3910,2765,1195,77,36157.375,249396,122994.1015625,-5.977635383605957,117297.21875,36998.80078125,36998.796875,-117297.21875,234.36428833007813,0.05907709524035454,0,250.0,68.91080474853516,0.34455403685569763,0,0,36122.375,36180.125,249393,249401,0,0,0,0,1500
16,16,112,-1,112,-1,16,2,2,1,2,27,16,16,1,3918,4021,2583,1414,37408.25,4293,121993.3984375,-0.1028965562582016,121348.1484375,-12530.5615234375,-12530.56640625,-121348.1484375,339.6699523925781,0.07844093441963196,0,250.0,69.4849853515625,0.3474249243736267,0,0,37375.875,37422.25,4288,4297,0,0,0,0,1500
17,17,-1,-1,-1,-1,17,1,1,1,2,27,17,0,2,3919,2779,1468,1378,37381.75,5496,122014.6015625,-0.1317306011915207,120957.4765625,-16026.6123046875,-16026.6171875,-120957.4765625,235.71231079101563,0.06954454630613327,0,250.0,69.47290802001953,0.34736454486846924,0,0,37338.0,37395.75,5493,5501,0,0,0,0,1500
18,18,-1,-1,-1,-1,18,1,1,1,2,27,18,1,2,3919,2791,31,1322,37327.75,4462,122057.796875,-0.10694722086191177,121360.4296875,-13028.8720703125,-13028.876953125,-121360.4296875,235.8726348876953,0.066590316593647,0,250.0,69.44831848144531,0.3472415804862976,0,0,37310.25,37368.0,4458,4466,0,0,0,0,1500
19,19,-1,-1,-1,-1,19,1,1,1,2,27,19,2,2,3919,4049,1704,1250,37270.75,5665,122103.3984375,-0.13578127324581146,120979.5390625,-16528.45703125,-16528.462890625,-120979.5390625,342.49639892578125,0.06678983569145203,0,250.0,69.42237854003906,0.34711191058158875,0,0,37254.125,37313.625,5661,5669,0,0,0,0,1500
20,20,-1,-1,-1,-1,20,1,1,1,2,27,20,3,2,3919,2795,267,1270,37283.25,4632,122093.3984375,-0.11102186143398285,121341.71875,-13527.20703125,-13527.2119140625,-121341.71875,236.10791015625,0.06789995729923248,0,250.0,69.42807006835938,0.3471403419971466,0,0,37242.125,37300.75,4628,4636,0,0,0,0,1500
21,21,-1,-1,-1,-1,21,1,1,1,2,27,21,4,2,3919,4059,1939,1161,37193.875,5834,122164.8984375,-0.13983193039894104,120972.5,-17026.939453125,-17026.9453125,-120972.5,343.9651184082031,0.06723371148109436,0,250.0,69.38743591308594,0.3469371795654297,0,0,37168.5,37228.0,5830,5839,0,0,0,0,1500
22,22,-1,-1,-1,-1,22,1,1,1,2,27,22,5,2,3919,2772,503,1174,37200.25,4801,122159.796875,-0.11507252603769302,121351.8828125,-14026.2333984375,-14026.23828125,-121351.8828125,235.3874053955078,0.06511321663856506,0,250.0,69.39032745361328,0.3469516336917877,0,0,37172.25,37230.0,4798,4806,0,0,0,0,1500
23,23,-1,-1,-1,-1,23,1,1,1,2,27,23,6,2,3919,2225,2173,1051,37097.625,6003,122241.8984375,-0.1438826024532318,120978.7421875,-17527.857421875,-17527.86328125,-120978.7421875,188.100341796875,0.06471645087003708,0,250.0,69.34371948242188,0.34671860933303833,0,0,37080.125,37138.75,5999,6007,0,0,0,0,1500
24,24,-1,-1,-1,-1,24,1,1,1,2,27,24,7,2,3919,4045,739,1090,37127.75,4971,122217.796875,-0.1191471666097641,121351.3203125,-14527.474609375,-14527.4794921875,-121351.3203125,343.5222473144531,0.06708265095949173,0,250.0,69.3573989868164,0.3467870056629181,0,0,37097.875,37158.375,4967,4976,0,0,0,0,1500
25,25,-1,-1,-1,-1,25,1,1,1,2,27,25,8,2,3919,2789,974,1001,37050.875,5141,122279.296875,-0.12322179973125458,121352.1484375,-15029.3740234375,-15029.37890625,-121352.1484375,235.98497009277344,0.05859028175473213,0,250.0,69.32251739501953,0.3466125726699829,0,0,37024.625,37082.375,5137,5145,0,0,0,0,1500
26,26,-1,-1,-1,-1,26,1,1,1,2,27,26,9,2,3919,2561,2409,946,37007.75,6173,122313.796875,-0.1479572355747223,120977.4296875,-18031.25390625,-18031.259765625,-120977.4296875,215.606689453125,0.06577417999505997,0,250.0,69.30296325683594,0.34651482105255127,0,0,36991.125,37048.875,6168,6176,0,0,0,0,1500
27,27,-1,-1,-1,-1,27,1,1,1,2,27,27,10,2,3919,2603,1210,907,36969.625,5310,122344.296875,-0.12727247178554535,121354.75,-15529.0576171875,-15529.0625,-121354.75,219.2384490966797,0.06564529240131378,0,250.0,69.28568267822266,0.34642842411994934,0,0,36946.875,37004.625,5306,5314,0,0,0,0,1500
28,28,-1,-1,-1,-1,28,1,1,1,2,27,28,11,2,3919,4043,2643,853,36927.375,6341,122378.1015625,-0.15198394656181335,120967.40625,-18527.984375,-18527.990234375,-120967.40625,340.4825134277344,0.0668267235159874,0,250.0,69.26654815673828,0.34633272886276245,0,0,36897.625,36956.25,6337,6346,0,0,0,0,1500
29,29,-1,-1,-1,-1,29,1,1,1,2,27,29,12,2,3919,2568,1445,825,36897.875,5480,122401.703125,-0.13134710490703583,121347.375,-16030.921875,-16030.9267578125,-121347.375,216.31353759765625,0.0650390014052391,0,250.0,69.2531967163086,0.346265971660614,0,0,36865.5,36923.25,5475,5483,0,0,0,0,1500
30,30,-1,-1,-1,-1,30,1,1,1,2,27,30,13,2,3919,2770,1679,734,36819.25,5648,122464.6015625,-0.1353738009929657,121344.1640625,-16527.908203125,-16527.9140625,-121344.1640625,232.98681640625,0.06535562127828598,0,250.0,69.2176284790039,0.34608814120292664,0,0,36782.5,36841.125,5644,5652,0,0,0,0,1500
31,31,-1,-1,-1,-1,31,1,1,1,2,27,31,14,2,3919,4048,1914,629,36728.375,5816,122537.296875,-0.13940049707889557,121348.6171875,-17026.490234375,-17026.49609375,-121348.6171875,343.5263671875,0.0673566535115242,0,250.0,69.17655944824219,0.3458828032016754,0,0,36696.875,36756.375,5812,5821,0,0,0,0,1500
32,32,-1,-1,-1,-1,32,1,1,1,2,27,32,15,2,3919,4051,2148,528,36640.0,5985,122608.0,-0.14345116913318634,121348.6328125,-17528.0,-17528.005859375,-121348.6328125,343.0506591796875,0.06730744987726212,0,250.0,69.13666534423828,0.34568333625793457,0,0,36608.5,36667.125,5981,5989,0,0,0,0,1500
33,33,-1,-1,-1,-1,33,1,1,1,2,27,33,16,2,3919,4044,2382,403,36532.625,6153,122693.8984375,-0.1474778652191162,121362.0390625,-18029.11328125,-18029.119140625,-121362.0390625,342.6437072753906,0.07407645136117935,0,250.0,69.08827209472656,0.3454413414001465,0,0,36519.5,36578.125,6149,6158,0,0,0,0,1500
34,34,-1,-1,-1,-1,34,1,1,1,2,27,34,17,1,3920,4020,126,1419,37422.625,6536,121981.8984375,-0.15665778517723083,120488.1328125,-19031.34765625,-19031.353515625,-120488.1328125,341.060302734375,0.2136366069316864,0,250.0,69.49152374267578,0.347457617521286,0,0,37416.5,37432.25,6532,6541,0,0,0,0,1500
35,35,-1,-1,-1,-1,35,1,1,1,2,27,35,18,1,3920,2222,360,1336,37351.0,6705,122039.203125,-0.1607084572315216,120466.6328125,-19528.41796875,-19528.423828125,-120466.6328125,188.031982421875,0.06361977010965347,0,250.0,69.45890808105469,0.34729453921318054,0,0,37318.625,37377.25,6701,6709,0,0,0,0,1500
36,36,-1,-1,-1,-1,36,1,1,1,2,27,36,19,1,3920,4046,595,1209,37240.875,6874,122127.296875,-0.16475912928581238,120473.4375,-20030.67578125,-20030.681640625,-120473.4375,341.11407470703125,0.06679654121398926,0,250.0,69.40879821777344,0.3470439910888672,0,0,37217.25,37276.75,6870,6878,0,0,0,0,1500
37,37,-1,-1,-1,-1,37,1,1,1,2,27,37,20,1,3920,4039,89,753,36839.875,6510,122448.1015625,-0.15603460371494293,120960.5078125,-19028.705078125,-19028.7109375,-120960.5078125,340.7283630371094,0.06667546927928925,0,250.0,69.22695922851563,0.3461347818374634,0,0,36801.375,36860.0,6505,6514,0,0,0,0,1500
38,38,-1,-1,-1,-1,38,1,1,1,2,27,38,21,1,3920,2576,323,629,36732.375,6678,122534.1015625,-0.160061314702034,120967.8046875,-19529.330078125,-19529.3359375,-120967.8046875,218.66510009765625,0.06445720791816711,0,250.0,69.17835998535156,0.3458918035030365,0,0,36703.5,36761.25,6674,6682,0,0,0,0,1500
39,39,-1,-1,-1,-1,39,1,1,1,2,27,39,22,1,3920,2813,556,490,36611.75,6846,122630.6015625,-0.16408801078796387,120983.3984375,-20032.033203125,-20032.0390625,-120983.3984375,238.30618286132813,0.09074193239212036,0,250.0,69.12393188476563,0.34561964869499207,0,0,36603.0,36660.75,6842,6850,0,0,0,0,1500
40,40,-1,-1,-1,-1,40,1,1,1,2,27,40,23,1,3920,4083,61,212,36366.5,6490,122826.796875,-0.15555523335933685,121343.7421875,-19029.390625,-19029.396484375,-121343.7421875,345.2286376953125,0.0671844407916069,0,250.0,69.01351165771484,0.34506756067276,0,0,36330.625,36389.25,6485,6494,0,0,0,0,1500
41,0,-1,0,-1,0,41,1,1,1,2,27,41,24,1,3920,4034,527,1,36182.875,6825,122973.703125,-0.1635846644639969,121331.984375,-20027.01171875,-20027.017578125,-121331.984375,341.28802490234375,0.26216936111450195,1,250.0,68.92224884033203,0.3446112275123596,0,0,36182.0,36190.75,6821,6829,0,0,0,0,1500
42,42,-1,-1,-1,-1,42,1,1,1,2,27,42,25,1,3920,4067,294,102,36271.25,6657,122903.0,-0.15955796837806702,121341.8359375,-19527.048828125,-19527.0546875,-121341.8359375,343.3815002441406,0.06692997366189957,0,250.0,68.97071838378906,0.34485360980033875,0,0,36232.75,36292.25,6653,6662,0,0,0,0,1500
43,43,-1,-1,-1,-1,43,1,1,1,2,27,43,26,1,4040,2586,2048,1419,38581.625,249531,121054.703125,-5.980871200561523,115564.875,36041.63671875,36041.6328125,-115564.875,218.22723388671875,0.09528897702693939,0,250.0,70.03289794921875,0.3501645028591156,0,0,38539.625,38590.375,249527,249535,0,0,0,0,1500
44,44,-1,-1,-1,-1,44,1,1,1,2,27,44,27,1,4040,4034,1821,1177,38369.875,249367,121224.1015625,-5.976940631866455,115583.8359375,36546.6640625,36546.66015625,-115583.8359375,342.51873779296875,0.06774310022592545,0,250.0,69.9350357055664,0.34967517852783203,0,0,38353.25,38411.875,249363,249371,0,0,0,0,1500
45,45,-1,-1,-1,-1,45,1,1,1,2,27,45,28,1,4040,2584,1616,987,38201.625,249218,121358.703125,-5.973369121551514,115580.7734375,37000.2734375,37000.26953125,-115580.7734375,218.25799560546875,0.06585536897182465,0,250.0,69.85746765136719,0.34928733110427856,0,0,38180.625,38238.375,249214,249222,0,0,0,0,1500
46,46,-1,-1,-1,-1,46,1,1,1,2,27,46,29,1,4040,2572,2345,917,38143.375,249747,121405.296875,-5.986048221588135,116085.1484375,35545.5234375,35545.51953125,-116085.1484375,217.81105041503906,0.06905810534954071,0,250.0,69.83065795898438,0.3491532802581787,0,0,38128.5,38186.25,249743,249751,0,0,0,0,1500
47,47,-1,-1,-1,-1,47,1,1,1,2,27,47,30,1,4040,2801,2118,733,37982.375,249583,121534.1015625,-5.982117652893066,116067.546875,36039.7265625,36039.72265625,-116067.546875,237.06402587890625,0.06656289845705032,0,250.0,69.75665283203125,0.3487832546234131,0,0,37944.75,38003.375,249579,249587,0,0,0,0,1500
48,48,-1,-1,-1,-1,48,1,1,1,2,27,48,31,1,4040,2776,1892,534,37807.25,249419,121674.203125,-5.97818660736084,116058.6171875,36537.78125,36537.77734375,-116058.6171875,234.78677368164063,0.08707517385482788,0,250.0,69.67633056640625,0.3483816385269165,0,0,37759.125,37816.875,249415,249423,0,0,0,0,1500
49,49,-1,-1,-1,-1,49,1,1,1,2,27,49,32,1,4040,4047,2640,482,37763.75,249961,121709.0,-5.991177558898926,116556.796875,35037.046875,35037.04296875,-116556.796875,342.77252197265625,0.11172613501548767,0,250.0,69.65641021728516,0.3482820391654968,0,0,37712.125,37770.75,249956,249965,0,0,0,0,1500
50,50,-1,-1,-1,-1,50,1,1,1,2,27,50,33,1,4040,2595,1688,317,37615.375,249271,121827.703125,-5.974639415740967,116074.53125,36995.84765625,36995.84375,-116074.53125,220.8859405517578,0.06553154438734055,0,250.0,69.58853912353516,0.34794268012046814,0,0,37586.5,37644.25,249266,249274,0,0,0,0,1500
51,51,-1,-1,-1,-1,51,1,1,1,2,27,51,34,1,4040,4043,2414,242,37552.75,249797,121877.796875,-5.987246990203857,116579.6328125,35544.13671875,35544.1328125,-116579.6328125,343.3966979980469,0.06724967807531357,0,250.0,69.5599365234375,0.347799688577652,0,0,37530.875,37590.375,249793,249801,0,0,0,0,1500
52,52,-1,-1,-1,-1,52,1,1,1,2,27,52,35,1,4040,2801,2188,27,37364.625,249633,122028.296875,-5.983315944671631,116582.796875,36046.59765625,36046.59375,-116582.796875,237.11996459960938,0.0698011964559555,0,250.0,69.46510314941406,0.34732553362846375,0,0,37349.75,37407.5,249630,249638,0,0,0,0,1500
53,53,-1,-1,-1,-1,53,1,1,1,2,27,53,17,2,4041,2749,990,1421,38589.375,250786,121048.5,-6.010951519012451,116590.609375,32547.958984375,32547.953125,-116590.609375,233.75112915039063,0.17294202744960785,0,250.0,70.03649139404297,0.350182443857193,0,0,38580.625,38596.375,250782,250790,0,0,0,0,1500
54,54,-1,-1,-1,-1,54,1,1,1,2,27,54,18,2,4041,2780,2228,1334,38517.25,251683,121106.203125,-6.032451152801514,117319.2734375,30048.29296875,30048.287109375,-117319.2734375,235.97128295898438,0.07952456921339035,0,250.0,70.00311279296875,0.3500155806541443,0,0,38505.875,38564.5,251680,251688,0,0,0,0,1500
55,55,-1,-1,-1,-1,55,1,1,1,2,27,55,19,2,4041,4053,11,1353,38525.875,250076,121099.296875,-5.993934154510498,116068.5625,34541.70703125,34541.703125,-116068.5625,341.9501037597656,0.13436992466449738,1,250.0,70.0071029663086,0.35003551840782166,0,0,38487.375,38546.0,250072,250080,0,0,0,0,1500
56,56,60,-1,-1,-1,56,2,1,2,2,27,56,20,2,4041,4047,1741,1296,38482.0,251331,121134.3984375,-6.024014472961426,117088.8515625,31044.22265625,31044.216796875,-117088.8515625,342.1318054199219,0.07628544420003891,0,250.0,69.98681640625,0.34993410110473633,0,0,38468.875,38527.5,251326,251335,0,0,0,0,1500
57,57,-1,-1,-1,-1,57,1,1,1,2,27,57,21,2,4041,2573,762,1266,38453.75,250621,121157.0,-6.0069966316223145,116565.359375,33038.390625,33038.38671875,-116565.359375,215.61709594726563,0.0676695704460144,0,250.0,69.97377014160156,0.3498688340187073,0,0,38412.625,38470.375,250617,250624,0,0,0,0,1500
58,58,-1,-1,-1,-1,58,1,1,1,2,27,58,22,2,4041,2793,1998,1170,38373.75,251517,121221.0,-6.028472423553467,117309.890625,30543.76171875,30543.755859375,-117309.890625,235.97171020507813,0.0661621019244194,0,250.0,69.93682098388672,0.34968408942222595,0,0,38351.0,38408.75,251513,251521,0,0,0,0,1500
59,59,63,-1,-1,-1,59,2,1,2,2,27,59,23,2,4041,2779,1511,1154,38357.75,251163,121233.796875,-6.0199875831604,117058.859375,31541.333984375,31541.328125,-117058.859375,235.80682373046875,0.08740437030792236,0,250.0,69.929443359375,0.3496472239494324,0,0,38308.75,38367.375,251160,251168,0,0,0,0,1500
60,56,-1,56,-1,-1,56,1,1,1,2,27,60,24,2,4041,4071,1769,986,38210.75,251351,121351.3984375,-6.02449369430542,117313.4921875,31043.619140625,31043.61328125,-117313.4921875,346.2098083496094,0.06818296015262604,0,250.0,69.8616714477539,0.3493083417415619,0,0,38191.5,38250.125,251347,251355,0,0,0,0,1500
61,61,-1,-1,-1,-1,61,1,1,1,2,27,61,25,2,4041,2791,533,1042,38256.75,250454,121314.6015625,-6.002994060516357,116583.6484375,33548.2734375,33548.26953125,-116583.6484375,237.40687561035156,0.061819590628147125,0,250.0,69.88286590576172,0.34941431879997253,0,0,38241.0,38298.75,250451,250459,0,0,0,0,1500
62,62,66,-1,-1,-1,62,2,1,2,2,27,62,26,2,4041,2575,1283,946,38174.75,250998,121380.203125,-6.016033172607422,117074.4375,32042.6328125,32042.626953125,-117074.4375,217.05506896972656,0.0650215595960617,0,250.0,69.84510040283203,0.3492254912853241,0,0,38145.875,38203.625,250994,251002,0,0,0,0,1500
63,59,-1,59,-1,-1,59,1,1,1,2,27,63,27,2,4041,4077,1540,820,38065.5,251185,121467.6015625,-6.020514965057373,117301.265625,31540.302734375,31540.296875,-117301.265625,342.2151184082031,0.06752654910087585,0,250.0,69.79483795166016,0.34897419810295105,0,0,38031.375,38090.0,251180,251189,0,0,0,0,1500
64,64,-1,-1,-1,-1,64,1,1,1,2,27,64,28,2,4041,4069,306,874,38107.75,250290,121433.796875,-5.999063491821289,116565.296875,34039.6640625,34039.66015625,-116565.296875,343.2793273925781,0.07036840170621872,0,250.0,69.81427001953125,0.34907135367393494,0,0,38065.75,38124.375,250286,250295,0,0,0,0,1500
65,65,-1,-1,-1,-1,65,1,1,1,2,27,65,29,2,4041,4036,1054,766,38016.25,250832,121507.0,-6.012053966522217,117068.1640625,32542.201171875,32542.1953125,-117068.1640625,339.266845703125,0.06729105859994888,0,250.0,69.772216796875,0.34886106848716736,0,0,37979.5,38038.125,250828,250836,0,0,0,0,1500
66,62,-1,62,-1,-1,62,1,1,1,2,27,66,30,2,4041,2771,1311,637,37904.375,251018,121596.5,-6.016512393951416,117298.4296875,32043.52734375,32043.521484375,-117298.4296875,235.98585510253906,0.06511229276657104,0,250.0,69.72085571289063,0.3486042618751526,0,0,37868.5,37926.25,251015,251022,0,0,0,0,1500
67,67,-1,-1,-1,-1,67,1,1,1,2,27,67,31,2,4041,2583,79,670,37929.25,250125,121576.6015625,-5.995108604431152,116566.6875,34540.96875,34540.96484375,-116566.6875,218.4927520751953,0.06643903255462646,0,250.0,69.73226928710938,0.348661333322525,0,0,37890.75,37949.375,250121,250129,0,0,0,0,1500
68,68,70,-1,-1,-1,68,2,1,2,2,27,68,32,2,4041,2774,826,547,37824.625,250667,121660.296875,-6.008099555969238,117086.1015625,33046.51953125,33046.515625,-117086.1015625,235.38893127441406,0.0764271542429924,0,250.0,69.68429565429688,0.34842148423194885,0,0,37812.375,37870.125,250663,250671,0,0,0,0,1500
69,69,72,-1,-1,-1,69,2,1,2,2,27,69,33,2,4041,2213,599,390,37686.25,250502,121771.0,-6.004144668579102,117060.9140625,33539.8125,33539.80859375,-117060.9140625,186.6786346435547,0.07475972175598145,0,250.0,69.62093353271484,0.34810468554496765,0,0,37641.625,37699.375,250498,250506,0,0,0,0,1500
70,68,-1,68,-1,-1,68,1,1,1,2,27,70,34,2,4041,1933,856,234,37550.75,250689,121879.3984375,-6.008626937866211,117314.40625,33044.171875,33044.16796875,-117314.40625,163.8240509033203,0.06552042812108994,0,250.0,69.55902099609375,0.3477950990200043,0,0,37535.875,37593.625,250685,250693,0,0,0,0,1500
71,2,-1,2,-1,2,71,1,1,1,2,27,71,35,2,4041,4043,372,162,37484.75,250338,121932.203125,-6.000213623046875,117082.953125,34044.73828125,34044.734375,-117082.953125,340.9678955078125,0.06729193031787872,0,250.0,69.51985168457031,0.3475992679595947,0,0,37467.25,37525.875,250334,250342,0,0,0,0,1500
72,69,-1,69,-1,-1,69,1,1,1,2,27,72,36,2,4041,2574,629,42,37381.75,250524,122014.6015625,-6.004672050476074,117312.796875,33545.05078125,33545.046875,-117312.796875,217.33033752441406,0.06661663204431534,0,250.0,69.47290802001953,0.34736454486846924,0,0,37365.125,37422.875,250520,250528,0,0,0,0,1500
73,1,-1,5,-1,1,73,1,1,1,2,27,73,37,2,4041,2177,145,3,37345.625,250174,122043.5,-5.996283054351807,117054.984375,34536.171875,34536.16796875,-117054.984375,183.21063232421875,0.3958541750907898,1,250.0,69.45645904541016,0.3472822904586792,0,0,37343.0,37350.875,250170,250178,0,0,0,0,1500
74,74,-1,-1,-1,-1,74,1,1,1,2,28,74,36,1,4048,4069,2391,1421,38661.375,3809,120990.8984375,-0.09129582345485687,120487.0234375,-11030.6259765625,-11030.630859375,-120487.0234375,348.65631103515625,0.23264722526073456,0,250.0,70.06983184814453,0.35034915804862976,0,0,38654.375,38669.25,3805,3814,0,0,0,0,1500
75,75,-1,-1,-1,-1,75,1,1,1,2,28,75,37,1,4048,2570,2628,1398,38643.25,3981,121005.3984375,-0.09541840106248856,120454.953125,-11528.62890625,-11528.6337890625,-120454.953125,218.29856872558594,0.08144122362136841,0,250.0,70.06143188476563,0.3503071665763855,0,0,38597.75,38652.0,3978,3984,0,0,0,0,1500
76,76,-1,-1,-1,-1,76,1,1,1,2,28,76,38,1,4048,2763,1188,1040,38325.0,2936,121260.0,-0.0703713670372963,120959.875,-8526.1904296875,-8526.1953125,-120959.875,233.95655822753906,0.06596554815769196,0,250.0,69.9143295288086,0.3495716452598572,0,0,38285.625,38344.25,2933,2941,0,0,0,0,1500
77,77,-1,-1,-1,-1,77,1,1,1,2,28,77,39,1,4048,2588,1055,1051,38332.625,2840,121253.8984375,-0.06807039678096771,120973.0859375,-8247.4287109375,-8247.43359375,-120973.0859375,218.87222290039063,0.06527441740036011,0,250.0,69.9178466796875,0.3495892286300659,0,0,38309.0,38366.75,2836,2844,0,0,0,0,1500
78,78,-1,-1,-1,-1,78,1,1,1,2,28,78,40,1,4048,2590,1425,987,38278.625,3109,121297.1015625,-0.07451791316270828,120960.4765625,-9030.443359375,-9030.4482421875,-120960.4765625,219.5351104736328,0.06651685386896133,0,250.0,69.8929443359375,0.3494647145271301,0,0,38240.125,38297.875,3104,3112,0,0,0,0,1500
79,79,-1,-1,-1,-1,79,1,1,1,2,28,79,41,1,4048,4038,1661,921,38221.875,3280,121342.5,-0.07861651480197906,120967.7109375,-9529.701171875,-9529.7060546875,-120967.7109375,342.06158447265625,0.0673493891954422,0,250.0,69.8667984008789,0.3493340015411377,0,0,38192.125,38250.75,3275,3284,0,0,0,0,1500
80,80,-1,-1,-1,-1,80,1,1,1,2,28,80,42,1,4048,2783,1897,885,38191.375,3451,121366.8984375,-0.08271512389183044,120951.953125,-10027.4345703125,-10027.439453125,-120951.953125,234.6615753173828,0.09956888109445572,0,250.0,69.85275268554688,0.3492637574672699,0,0,38142.375,38200.125,3447,3455,0,0,0,0,1500
81,81,-1,-1,-1,-1,81,1,1,1,2,28,81,43,1,4048,2775,2133,803,38119.625,3622,121424.296875,-0.08681372553110123,120967.0234375,-10528.0595703125,-10528.064453125,-120967.0234375,233.998779296875,0.058610767126083374,0,250.0,69.8197250366211,0.3490986227989197,0,0,38089.0,38146.75,3618,3626,0,0,0,0,1500
82,82,-1,-1,-1,-1,82,1,1,1,2,28,82,44,1,4048,4079,2605,660,37996.5,3964,121522.796875,-0.09501093626022339,120974.7109375,-11528.6318359375,-11528.63671875,-120974.7109375,346.96746826171875,0.06789789348840714,0,250.0,69.76313781738281,0.3488156795501709,0,0,37979.0,38034.125,3960,3969,0,0,0,0,1500
83,83,-1,-1,-1,-1,83,1,1,1,2,28,83,45,1,4048,2789,2369,734,38060.25,3793,121471.796875,-0.09091232717037201,120970.15625,-11028.078125,-11028.0830078125,-120970.15625,236.6885528564453,0.06576976925134659,0,250.0,69.79242706298828,0.34896212816238403,0,0,38034.0,38091.75,3790,3798,0,0,0,0,1500
84,84,-1,-1,-1,-1,84,1,1,1,2,28,84,46,1,4048,2805,1175,507,37857.625,2927,121633.8984375,-0.07015565037727356,121334.6953125,-8526.3076171875,-8526.3125,-121334.6953125,236.63699340820313,0.08488553017377853,0,250.0,69.69940948486328,0.34849706292152405,0,0,37809.5,37869.125,2923,2931,0,0,0,0,1500
85,85,-1,-1,-1,-1,85,1,1,1,2,28,85,47,1,4048,2770,1042,505,37854.875,2831,121636.1015625,-0.06785468012094498,121356.1875,-8247.2470703125,-8247.251953125,-121356.1875,235.73764038085938,0.05856422334909439,0,250.0,69.69815826416016,0.34849077463150024,0,0,37833.875,37891.625,2827,2835,0,0,0,0,1500
86,86,-1,-1,-1,-1,86,1,1,1,2,28,86,48,1,4048,2190,1411,452,37810.5,3098,121671.6015625,-0.07425425946712494,121336.328125,-9026.3349609375,-9026.33984375,-121336.328125,185.0933074951172,0.07693050801753998,0,250.0,69.67781829833984,0.34838908910751343,0,0,37765.0,37822.75,3095,3103,0,0,0,0,1500
87,87,-1,-1,-1,-1,87,1,1,1,2,28,87,49,1,4048,2222,1646,394,37760.75,3269,121711.3984375,-0.07835286110639572,121337.984375,-9526.681640625,-9526.6865234375,-121337.984375,187.66017150878906,0.07095980644226074,0,250.0,69.655029296875,0.34827515482902527,0,0,37717.875,37775.625,3265,3273,0,0,0,0,1500
88,88,-1,-1,-1,-1,88,1,1,1,2,28,88,50,1,4048,2776,1882,307,37685.625,3440,121771.5,-0.0824514701962471,121357.8125,-10028.8671875,-10028.8720703125,-121357.8125,234.6409454345703,0.059894710779190063,0,250.0,69.62065887451172,0.34810328483581543,0,0,37668.125,37725.875,3436,3444,0,0,0,0,1500
89,89,-1,-1,-1,-1,89,1,1,1,2,28,89,51,1,4048,2587,2118,238,37625.25,3611,121819.796875,-0.08655007183551788,121363.8125,-10530.353515625,-10530.3583984375,-121363.8125,221.30319213867188,0.08214198052883148,0,250.0,69.59305572509766,0.347965270280838,0,0,37614.75,37672.5,3606,3614,0,0,0,0,1500
90,90,-1,-1,-1,-1,90,1,1,1,2,28,90,52,1,4048,4063,2353,198,37591.25,3782,121847.0,-0.09064867347478867,121346.71875,-11030.1484375,-11030.1533203125,-121346.71875,344.9193115234375,0.0675068348646164,0,250.0,69.57752227783203,0.3478876054286957,0,0,37558.875,37617.5,3777,3786,0,0,0,0,1500
91,91,-1,-1,-1,-1,91,1,1,1,2,28,91,53,1,4048,4038,2588,102,37508.25,3952,121913.3984375,-0.09472331404685974,121366.8671875,-11530.779296875,-11530.7841796875,-121366.8671875,340.6090087890625,0.10261231660842896,0,250.0,69.53961944580078,0.3476980924606323,0,0,37501.25,37560.75,3948,3956,0,0,0,0,1500
92,92,-1,-1,-1,-1,92,1,1,1,2,28,92,38,2,4049,4045,1756,1414,38663.25,5370,120989.3984375,-0.1287105828523636,119988.6015625,-15529.6552734375,-15529.66015625,-119988.6015625,341.6222839355469,0.1566614955663681,0,250.0,70.0707015991211,0.35035350918769836,0,0,38658.0,38677.25,5366,5375,0,0,0,0,1500
93,93,-1,-1,-1,-1,93,1,1,1,2,28,93,39,2,4049,2518,1992,1332,38592.5,5541,121046.0,-0.13280917704105377,119980.046875,-16028.8017578125,-16028.806640625,-119980.046875,215.44537353515625,0.06764407455921173,0,250.0,70.03793334960938,0.3501896560192108,0,0,38577.625,38635.375,5537,5545,0,0,0,0,1500
94,94,-1,-1,-1,-1,94,1,1,1,2,28,94,40,2,4049,4047,76,1282,38541.75,4152,121086.6015625,-0.09951700270175934,120487.5,-12030.2958984375,-12030.30078125,-120487.5,341.9207763671875,0.10859546065330505,0,250.0,70.01445007324219,0.3500722348690033,0,0,38535.625,38594.25,4147,4156,0,0,0,0,1500
95,95,-1,-1,-1,-1,95,1,1,1,2,28,95,41,2,4049,2787,312,1257,38520.875,4323,121103.296875,-0.10361561179161072,120453.7890625,-12525.7509765625,-12525.755859375,-120453.7890625,235.45912170410156,0.09113799780607224,0,250.0,70.00479125976563,0.35002395510673523,0,0,38472.75,38531.375,4319,4327,0,0,0,0,1500
96,96,-1,-1,-1,-1,96,1,1,1,2,28,96,42,2,4049,2803,548,1163,38439.625,4494,121168.296875,-0.1077142134308815,120466.0546875,-13026.32421875,-13026.3291015625,-120466.0546875,237.75473022460938,0.05931835621595383,0,250.0,69.96723937988281,0.34983620047569275,0,0,38407.25,38465.875,4491,4499,0,0,0,0,1500
97,97,-1,-1,-1,-1,97,1,1,1,2,28,97,43,2,4049,2762,784,1080,38367.0,4666,121226.3984375,-0.11183678358793259,120469.0703125,-13529.326171875,-13529.3310546875,-120469.0703125,233.41012573242188,0.06594640016555786,0,250.0,69.9337158203125,0.34966856241226196,0,0,38338.125,38396.75,4662,4670,0,0,0,0,1500
98,98,-1,-1,-1,-1,98,1,1,1,2,28,98,44,2,4049,4037,1020,981,38281.375,4836,121294.8984375,-0.11591142416000366,120480.984375,-14028.0029296875,-14028.0078125,-120480.984375,341.83087158203125,0.07204040139913559,0,250.0,69.89421081542969,0.3494710624217987,0,0,38267.375,38326.0,4832,4841,0,0,0,0,1500
99,99,-1,-1,-1,-1,99,1,1,1,2,28,99,45,2,4049,2801,1255,922,38230.75,5007,121335.3984375,-0.12001002579927444,120462.6875,-14526.5361328125,-14526.541015625,-120462.6875,237.4321746826172,0.059738416224718094,0,250.0,69.87088775634766,0.34935444593429565,0,0,38194.875,38252.625,5003,5011,0,0,0,0,1500
100,100,-1,-1,-1,-1,100,1,1,1,2,28,100,46,2,4049,2573,1491,806,38130.25,5178,121415.796875,-0.12410863488912582,120481.9140625,-15030.0947265625,-15030.099609375,-120481.9140625,218.69129943847656,0.07969151437282562,0,250.0,69.82461547851563,0.3491230905056,0,0,38118.875,38176.625,5174,5182,0,0,0,0,1500
101,101,-1,-1,-1,-1,101,1,1,1,2,28,101,47,2,4049,2554,1726,754,38085.75,5349,121451.3984375,-0.1282072365283966,120454.609375,-15528.326171875,-15528.3310546875,-120454.609375,216.88125610351563,0.07857433706521988,0,250.0,69.80415344238281,0.34902074933052063,0,0,38040.25,38098.875,5344,5352,0,0,0,0,1500
102,102,-1,-1,-1,-1,102,1,1,1,2,28,102,48,2,4049,2799,1960,621,37970.375,5518,121543.703125,-0.13225790858268738,120482.21875,-16028.29296875,-16028.2978515625,-120482.21875,238.3390350341797,0.08316805213689804,0,250.0,69.75113677978516,0.34875568747520447,0,0,37959.875,38017.625,5515,5523,0,0,0,0,1500
103,103,-1,-1,-1,-1,103,1,1,1,2,28,103,49,2,4049,2573,53,594,37939.75,4135,121568.203125,-0.09910953789949417,120971.6328125,-12028.8525390625,-12028.857421875,-120971.6328125,217.1804656982422,0.06507211178541183,0,250.0,69.7370834350586,0.3486854135990143,0,0,37916.125,37973.875,4131,4139,0,0,0,0,1500
104,104,-1,-1,-1,-1,104,1,1,1,2,28,104,50,2,4049,2235,2202,541,37900.375,5694,121599.703125,-0.13647635281085968,120469.015625,-16544.015625,-16544.021484375,-120469.015625,189.9427032470703,0.06555165350437164,0,250.0,69.7190170288086,0.3485950827598572,0,0,37875.875,37933.625,5690,5698,0,0,0,0,1500
105,105,-1,-1,-1,-1,105,1,1,1,2,28,105,51,2,4049,4045,288,514,37870.75,4305,121623.3984375,-0.10318417847156525,120976.515625,-12527.353515625,-12527.3583984375,-120976.515625,342.7916564941406,0.06704039871692657,0,250.0,69.70542907714844,0.3485271632671356,0,0,37852.375,37911.875,4301,4310,0,0,0,0,1500
106,106,-1,-1,-1,-1,106,1,1,1,2,28,106,52,2,4049,4073,523,459,37823.625,4476,121661.1015625,-0.10728278011083603,120961.640625,-13027.1181640625,-13027.123046875,-120961.640625,347.27227783203125,0.06809043884277344,0,250.0,69.68383026123047,0.3484191596508026,0,0,37786.875,37846.375,4471,4480,0,0,0,0,1500
107,107,-1,-1,-1,-1,107,1,1,1,2,28,107,53,2,4049,4036,758,377,37751.875,4647,121718.5,-0.11138138920068741,120964.2734375,-13529.1611328125,-13529.166015625,-120964.2734375,342.22564697265625,0.06760525703430176,0,250.0,69.65097045898438,0.34825485944747925,0,0,37718.625,37777.25,4642,4651,0,0,0,0,1500
108,108,-1,-1,-1,-1,108,1,1,1,2,28,108,54,2,4049,2559,993,305,37689.875,4817,121768.1015625,-0.11545602232217789,120957.4140625,-14027.646484375,-14027.6513671875,-120957.4140625,215.8760986328125,0.06806937605142593,0,250.0,69.62259674072266,0.34811297059059143,0,0,37648.75,37706.5,4813,4821,0,0,0,0,1500
109,109,-1,-1,-1,-1,109,1,1,1,2,28,109,55,2,4049,2779,1227,224,37619.0,4987,121824.796875,-0.11953066289424896,120955.546875,-14527.1474609375,-14527.15234375,-120955.546875,236.3384246826172,0.07770275324583054,0,250.0,69.59019470214844,0.3479509651660919,0,0,37574.375,37634.0,4983,4991,0,0,0,0,1500
110,110,-1,-1,-1,-1,110,1,1,1,2,28,110,56,2,4049,2772,1461,99,37511.625,5156,121910.703125,-0.12358132749795914,120980.953125,-15027.5673828125,-15027.572265625,-120980.953125,235.18348693847656,0.07317893952131271,0,250.0,69.5411605834961,0.34770581126213074,0,0,37500.25,37558.0,5152,5161,0,0,0,0,1500
111,111,-1,-1,-1,-1,111,1,1,1,2,28,111,57,2,4049,2803,1695,13,37437.375,5326,121970.1015625,-0.1276559680700302,120977.6328125,-15527.9560546875,-15527.9609375,-120977.6328125,236.93936157226563,0.06317509710788727,0,250.0,69.49825286865234,0.3474912643432617,0,0,37426.0,37480.25,5323,5331,0,0,0,0,1500
112,16,-1,16,-1,16,112,1,1,1,2,28,112,58,2,4049,2761,269,3,37423.625,4292,121981.1015625,-0.1028725877404213,121336.2265625,-12526.390625,-12526.3955078125,-121336.2265625,233.38780212402344,0.09270855784416199,1,250.0,69.49198913574219,0.34745994210243225,0,0,37421.0,37437.625,4288,4296,0,0,0,0,1500
113,113,-1,-1,-1,-1,113,1,1,1,2,28,113,59,2,4049,2586,35,75,37485.625,4122,121931.5,-0.09879794716835022,121336.890625,-12026.994140625,-12026.9990234375,-121336.890625,219.17242431640625,0.07670290023088455,0,250.0,69.52025604248047,0.3476012945175171,0,0,37441.875,37499.625,4118,4126,0,0,0,0,1500
